{"cameraMode":{"drawMode":0,"name":"Shaded","section":"Shading Mode"},"sceneLighting":false,"audioPlay":false,"sceneViewState":{"showFog":true,"showMaterialUpdate":false,"showSkybox":false,"showFlares":true,"showImageEffects":true,"showParticleSystems":true},"in2DMode":false,"pivot":{"x":0.2089219093322754,"y":0.20593424141407014,"z":0.1509808599948883},"rotation":{"x":0.424982488155365,"y":-0.3632175624370575,"z":0.19129826128482819,"w":0.806799590587616},"size":1.1962872743606568,"orthographic":false}