{"cameraMode":{"drawMode":0,"name":"Shaded","section":"Shading Mode"},"sceneLighting":true,"audioPlay":false,"sceneViewState":{"showFog":true,"showMaterialUpdate":false,"showSkybox":true,"showFlares":true,"showImageEffects":true,"showParticleSystems":true},"in2DMode":false,"pivot":{"x":1.9448401927947999,"y":0.558563232421875,"z":-0.016039274632930757},"rotation":{"x":0.3801634907722473,"y":-0.6000566482543945,"z":0.38868576288223269,"w":0.5868530869483948},"size":5.783088684082031,"orthographic":false}